resid,lit_resid,resname,segid,region,rmsf
1,79,LEU,PROA,TM1,1.1234829901055405
2,80,LEU,PROA,TM1,0.8578430472540203
3,81,THR,PROA,TM1,0.6730319940473212
4,82,ALA,PROA,TM1,0.6247089084419075
5,83,VAL,PROA,TM1,0.68536829458672
6,84,VAL,PROA,TM1,0.587981809803123
7,85,ILE,PROA,TM1,0.4562064888260184
8,86,ILE,PROA,TM1,0.5395423030793185
9,87,LEU,PROA,TM1,0.5159864548816281
10,88,THR,PROA,TM1,0.39346608082087425
11,89,ILE,PROA,TM1,0.4267325293852867
12,90,ALA,PROA,TM1,0.5307342270159835
13,91,GLY,PROA,TM1,0.4908057398424431
14,92,ASN,PROA,TM1,0.40522355321451053
15,93,ILE,PROA,TM1,0.497447531891673
16,94,LEU,PROA,TM1,0.507992132768781
17,95,VAL,PROA,TM1,0.44547422121660313
18,96,ILE,PROA,TM1,0.49778228098192245
19,97,MET,PROA,TM1,0.5719891136382091
20,98,ALA,PROA,TM1,0.5006716578683409
21,99,VAL,PROA,TM1,0.4584488768933279
22,100,SER,PROA,ICL1,0.5726217698947373
23,101,LEU,PROA,ICL1,0.67946555470769
24,102,GLU,PROA,ICL1,0.6009347898895793
25,103,LYS,PROA,ICL1,0.7053213094075502
26,104,LYS,PROA,ICL1,0.7543838679032293
27,105,LEU,PROA,ICL1,0.5950974087698285
28,106,GLN,PROA,ICL1,0.6634661642745852
29,107,ASN,PROA,ICL1,0.7063097332615667
30,108,ALA,PROA,ICL1,0.5361112050894149
31,109,THR,PROA,TM2,0.5419446801799005
32,110,ASN,PROA,TM2,0.42762461988320505
33,111,TYR,PROA,TM2,0.4094931556790621
34,112,PHE,PROA,TM2,0.4533850898407137
35,113,LEU,PROA,TM2,0.43032206738748024
36,114,MET,PROA,TM2,0.38649732448982166
37,115,SER,PROA,TM2,0.390183624710228
38,116,LEU,PROA,TM2,0.39033815754083984
39,117,ALA,PROA,TM2,0.38423235184584476
40,118,ILE,PROA,TM2,0.4170184169693096
41,119,ALA,PROA,TM2,0.376862118914249
42,120,ASP,PROA,TM2,0.32684697287683956
43,121,MET,PROA,TM2,0.33995460217500123
44,122,LEU,PROA,TM2,0.40945996567368614
45,123,LEU,PROA,TM2,0.3735097640426964
46,124,GLY,PROA,TM2,0.39166766649223733
47,125,PHE,PROA,TM2,0.4686234924353357
48,126,LEU,PROA,TM2,0.5425687069085946
49,127,VAL,PROA,TM2,0.3760406466848838
50,128,MET,PROA,TM2,0.37874529766267273
51,129,PRO,PROA,TM2,0.411019459317658
52,130,VAL,PROA,TM2,0.42607176577735556
53,131,SER,PROA,TM2,0.45914043510939073
54,132,MET,PROA,TM2,0.5125640859216724
55,133,LEU,PROA,TM2,0.574504515712138
56,134,THR,PROA,TM2,0.5781017995608991
57,135,ILE,PROA,TM2,0.612906993582367
58,136,LEU,PROA,TM2,0.649661609018865
59,137,TYR,PROA,TM2,0.6678556074057853
60,138,GLY,PROA,ECL1,0.7824236965216865
61,139,TYR,PROA,ECL1,0.725236866306879
62,140,ARG,PROA,ECL1,0.7003534327583638
63,141,TRP,PROA,ECL1,0.5848860805183197
64,142,PRO,PROA,ECL1,0.6259823326496176
65,143,LEU,PROA,ECL1,0.6959281947741511
66,144,PRO,PROA,ECL1,0.6513661207499363
67,145,SER,PROA,ECL1,0.6247481002330775
68,146,LYS,PROA,ECL1,0.5880469543063954
69,147,LEU,PROA,ECL1,0.48658904595183966
70,148,CYS,PROA,ECL1,0.412786884685375
71,149,ALA,PROA,ECL1,0.3870475084611178
72,150,VAL,PROA,TM3,0.42757794586549347
73,151,TRP,PROA,TM3,0.38784589905915273
74,152,ILE,PROA,TM3,0.35827757697848184
75,153,TYR,PROA,TM3,0.3809923009041897
76,154,LEU,PROA,TM3,0.3699343399219794
77,155,ASP,PROA,TM3,0.3677846471852212
78,156,VAL,PROA,TM3,0.38591292616635314
79,157,LEU,PROA,TM3,0.38397289387936995
80,158,PHE,PROA,TM3,0.3539612120692239
81,159,SER,PROA,TM3,0.3701445451444379
82,160,THR,PROA,TM3,0.35740412188580667
83,161,ALA,PROA,TM3,0.3747534448796935
84,162,SER,PROA,TM3,0.35919972865659666
85,163,ILE,PROA,TM3,0.3673167222764135
86,164,MET,PROA,TM3,0.36313035252654075
87,165,HSD,PROA,TM3,0.35130774146489835
88,166,LEU,PROA,TM3,0.3950869159644018
89,167,CYS,PROA,TM3,0.3966240770294308
90,168,ALA,PROA,TM3,0.335869480923426
91,169,ILE,PROA,TM3,0.35416445849799133
92,170,SER,PROA,TM3,0.4218166405028457
93,171,LEU,PROA,TM3,0.4239812745794082
94,172,ASP,PROA,TM3,0.4106096183497057
95,173,ARG,PROA,TM3,0.4165578247637275
96,174,TYR,PROA,TM3,0.4600873321459642
97,175,VAL,PROA,TM3,0.5499572765431325
98,176,ALA,PROA,TM3,0.6085403156841641
99,177,ILE,PROA,TM3,0.6207151430781727
100,178,GLN,PROA,TM3,0.8003334848298642
101,179,ASN,PROA,ICL2,0.8884512439892368
102,180,PRO,PROA,ICL2,0.769497223963381
103,181,ILE,PROA,ICL2,0.8231657018910258
104,182,HSD,PROA,ICL2,0.978753914047785
105,183,HSD,PROA,ICL2,1.1000556097359278
106,184,SER,PROA,ICL2,1.1498962577031084
107,185,ARG,PROA,ICL2,1.2250210345291805
108,186,PHE,PROA,ICL2,1.8331359328268395
109,187,ASN,PROA,ICL2,2.2581361627615157
110,188,SER,PROB,ICL2,1.5459864631294076
111,189,ARG,PROB,ICL2,1.0460987443802656
112,190,THR,PROB,TM4,0.8824296030830793
113,191,LYS,PROB,TM4,0.7256771269892408
114,192,ALA,PROB,TM4,0.5983465661105689
115,193,PHE,PROB,TM4,0.5045508202624933
116,194,LEU,PROB,TM4,0.5177710658330784
117,195,LYS,PROB,TM4,0.483596878182416
118,196,ILE,PROB,TM4,0.47695858646708683
119,197,ILE,PROB,TM4,0.5110544448777217
120,198,ALA,PROB,TM4,0.48311349584663454
121,199,VAL,PROB,TM4,0.4189099010476987
122,200,TRP,PROB,TM4,0.40797924409219577
123,201,THR,PROB,TM4,0.4473694944327688
124,202,ILE,PROB,TM4,0.46178268905531655
125,203,SER,PROB,TM4,0.4358148456590961
126,204,VAL,PROB,TM4,0.46592256134438637
127,205,GLY,PROB,TM4,0.5223235000078152
128,206,ILE,PROB,TM4,0.4864113378251185
129,207,SER,PROB,TM4,0.4757383801528312
130,208,MET,PROB,TM4,0.573061535202269
131,209,PRO,PROB,TM4,0.5922200426106266
132,210,ILE,PROB,TM4,0.5189030114980101
133,211,PRO,PROB,TM4,0.6509841644892058
134,212,VAL,PROB,TM4,0.6725348862490043
135,213,PHE,PROB,TM4,0.6835306471558587
136,214,GLY,PROB,TM4,0.7456623584991549
137,215,LEU,PROB,TM4,0.9074935270307638
138,216,GLN,PROB,TM4,1.023236575644845
139,217,ASP,PROB,TM4,1.0194190630999118
140,218,ASP,PROB,ECL2,0.8390328016922791
141,219,SER,PROB,ECL2,1.0349489340857851
142,220,LYS,PROB,ECL2,0.9042619552062477
143,221,VAL,PROB,ECL2,0.5862661184735888
144,222,PHE,PROB,ECL2,1.0904876550322498
145,223,LYS,PROB,ECL2,2.1218270617033435
146,224,GLU,PROB,ECL2,2.7136061444249897
147,225,GLY,PROB,ECL2,1.8990289460202137
148,226,SER,PROB,ECL2,0.9362404833260765
149,227,CYS,PROB,ECL2,0.545128506518983
150,228,LEU,PROB,ECL2,0.6809602366681016
151,229,LEU,PROB,ECL2,0.6687912989090377
152,230,ALA,PROB,ECL2,0.7652454783381123
153,231,ASP,PROB,ECL2,0.6923567373822727
154,232,ASP,PROB,ECL2,0.6929445318015388
155,233,ASN,PROB,ECL2,0.6787672773800687
156,234,PHE,PROB,ECL2,0.6132625789581732
157,235,VAL,PROB,ECL2,0.5895625744073478
158,236,LEU,PROB,ECL2,0.6314469793957966
159,237,ILE,PROB,ECL2,0.630255247063424
160,238,GLY,PROB,TM5,0.6005457674991326
161,239,SER,PROB,TM5,0.6027646501058298
162,240,PHE,PROB,TM5,0.6436362335405788
163,241,VAL,PROB,TM5,0.6058593237113149
164,242,SER,PROB,TM5,0.481457811232453
165,243,PHE,PROB,TM5,0.46216146769960587
166,244,PHE,PROB,TM5,0.5048739222320486
167,245,ILE,PROB,TM5,0.5168022530454194
168,246,PRO,PROB,TM5,0.4463632057579854
169,247,LEU,PROB,TM5,0.43132752679104647
170,248,THR,PROB,TM5,0.48145177089607955
171,249,ILE,PROB,TM5,0.47960610978629087
172,250,MET,PROB,TM5,0.5026172036234017
173,251,VAL,PROB,TM5,0.5799858538967265
174,252,ILE,PROB,TM5,0.5631130597751515
175,253,THR,PROB,TM5,0.5152591325799407
176,254,TYR,PROB,TM5,0.5430186298024148
177,255,PHE,PROB,TM5,0.6165542833816925
178,256,LEU,PROB,TM5,0.6010182651917206
179,257,THR,PROB,TM5,0.5488296223160242
180,258,ILE,PROB,TM5,0.7599438912103715
181,259,LYS,PROB,TM5,0.8363709358750134
182,260,SER,PROB,TM5,0.758951678735826
183,261,LEU,PROB,TM5,0.8097992951429578
184,262,GLN,PROB,TM5,1.1964324081528759
185,263,LYS,PROB,TM5,1.4539927738510936
186,313,GLN,PROC,ICL3c,1.0880698861674127
187,314,SER,PROC,ICL3c,0.8167942700977024
188,315,ILE,PROC,ICL3c,0.910761690563136
189,316,SER,PROC,ICL3c,0.8109102688601021
190,317,ASN,PROC,ICL3c,0.5853860668503797
191,318,GLU,PROC,ICL3c,0.648790891604568
192,319,GLN,PROC,TM6,0.7344719441237424
193,320,LYS,PROC,TM6,0.6132714378813885
194,321,ALA,PROC,TM6,0.5364963015220268
195,322,CYS,PROC,TM6,0.5677309365975305
196,323,LYS,PROC,TM6,0.5902510551765414
197,324,VAL,PROC,TM6,0.5497368480135449
198,325,LEU,PROC,TM6,0.5113115557243131
199,326,GLY,PROC,TM6,0.5200714956795718
200,327,ILE,PROC,TM6,0.4755724241446648
201,328,VAL,PROC,TM6,0.47719998062849717
202,329,PHE,PROC,TM6,0.47923045472841924
203,330,PHE,PROC,TM6,0.4320595744775198
204,331,LEU,PROC,TM6,0.44978809988643803
205,332,PHE,PROC,TM6,0.5347213706171677
206,333,VAL,PROC,TM6,0.5343063288328604
207,334,VAL,PROC,TM6,0.5033052949143101
208,335,MET,PROC,TM6,0.45683288004950096
209,336,TRP,PROC,TM6,0.47872545586856113
210,337,CYS,PROC,TM6,0.5062092500475539
211,338,PRO,PROC,TM6,0.5444941163195817
212,339,PHE,PROC,TM6,0.4732320273041256
213,340,PHE,PROC,TM6,0.4462314112622814
214,341,ILE,PROC,TM6,0.4846178289015406
215,342,THR,PROC,TM6,0.5094653775324481
216,343,ASN,PROC,TM6,0.5954078318707128
217,344,ILE,PROC,TM6,0.6402882885069069
218,345,MET,PROC,TM6,0.634812670098764
219,346,ALA,PROC,TM6,0.7166083053322652
220,347,VAL,PROC,TM6,0.7354555467973866
221,348,ILE,PROC,TM6,0.7969697361614866
222,349,CYS,PROC,ECL3,0.7949158010447125
223,350,LYS,PROC,ECL3,1.4321960174677422
224,351,GLU,PROC,ECL3,1.682542218278814
225,352,SER,PROC,ECL3,1.74449157555039
226,353,CYS,PROC,ECL3,1.235621992639966
227,354,ASN,PROC,ECL3,1.0209519734039603
228,355,GLU,PROC,ECL3,0.9554854346605385
229,356,ASP,PROC,ECL3,1.0139700042461584
230,357,VAL,PROC,ECL3,0.9094411581276666
231,358,ILE,PROC,ECL3,0.7477763146558827
232,359,GLY,PROC,TM7,0.7238631358317417
233,360,ALA,PROC,TM7,0.7544108400687991
234,361,LEU,PROC,TM7,0.6604347435857503
235,362,LEU,PROC,TM7,0.575831002435483
236,363,ASN,PROC,TM7,0.5419089728517782
237,364,VAL,PROC,TM7,0.4702999973293664
238,365,PHE,PROC,TM7,0.46026673390991973
239,366,VAL,PROC,TM7,0.46976934098568907
240,367,TRP,PROC,TM7,0.4454029031320764
241,368,ILE,PROC,TM7,0.4659076563652317
242,369,GLY,PROC,TM7,0.5099212228371521
243,370,TYR,PROC,TM7,0.4364105619984077
244,371,LEU,PROC,TM7,0.49016693564256586
245,372,SER,PROC,TM7,0.44110252825735313
246,373,SER,PROC,TM7,0.3762354916550292
247,374,ALA,PROC,TM7,0.4510033467880015
248,375,VAL,PROC,TM7,0.4002908919588064
249,376,ASN,PROC,TM7,0.3792736730187468
250,377,PRO,PROC,TM7,0.4904171748430931
251,378,LEU,PROC,TM7,0.454482678946203
252,379,VAL,PROC,H8,0.4367863942632335
253,380,TYR,PROC,H8,0.5422377570875494
254,381,THR,PROC,H8,0.5201749689554881
255,382,LEU,PROC,H8,0.53037529848661
256,383,PHE,PROC,H8,0.6391494569115389
257,384,ASN,PROC,H8,0.6951906993954631
258,385,LYS,PROC,H8,0.8056307222581821
259,386,THR,PROC,H8,0.8751805211234693
260,387,TYR,PROC,H8,0.6682129827009231
261,388,ARG,PROC,H8,0.7688543831564424
262,389,SER,PROC,H8,0.9846596589952352
263,390,ALA,PROC,H8,0.950506771315806
264,391,PHE,PROC,H8,1.0057335409420398
265,392,SER,PROC,Ct,1.278803982446464
266,393,ARG,PROC,Ct,2.2036233235343055
